Machine ID,Timestamp,Temperature,Vibration,Pressure,Humidity,Operational Hours,Condition
1,2023-11-29 20:51:40.907653,66.63497314584623,0.6131941370880917,1.3394429734133095,33.16491448541184,68.00937264840265,Normal
1,2023-11-29 20:21:40.907670,72.81892973777256,0.45420020569245867,1.4016015334394036,37.476956611233206,69.00937264840265,Normal
1,2023-11-29 19:51:40.907680,66.56898979013816,0.537278739883763,1.1454253014234659,44.365476489899535,70.00937264840265,Normal
1,2023-11-29 19:21:40.907688,63.36778986386042,0.5523387131139486,1.0852006423275447,36.08080291205506,71.00937264840265,Normal
1,2023-11-29 18:51:40.907696,66.10156002959845,0.40161107573867394,1.3803507241240642,46.64740209465751,72.00937264840265,Normal
1,2023-11-29 18:21:40.907703,70.15494088550024,0.6258920849938696,1.4885298929966768,42.56315693264909,73.00937264840265,Normal
1,2023-11-29 17:51:40.907711,71.25826182611706,0.4883972162713046,1.2329242087260024,42.08433267330143,74.00937264840265,Normal
1,2023-11-29 17:21:40.907719,67.90861787567239,0.6553235558694903,1.4476846611153564,48.88890469270214,75.00937264840265,Normal
1,2023-11-29 16:51:40.907726,69.13560808414547,0.47608084066059997,1.4115348230074045,45.15375018209896,76.00937264840265,Normal
1,2023-11-29 16:21:40.907734,66.62820554126039,0.5051108332663723,1.3003304724104572,43.89098609845611,77.00937264840265,Normal
1,2023-11-29 15:51:40.907741,64.51438952716252,0.6354868105597269,1.2848464760678724,50.796398818957606,78.00937264840265,Normal
1,2023-11-29 15:21:40.907749,65.98449813913575,0.5818078870709389,1.5285795874009815,35.163112370598334,79.00937264840265,Normal
1,2023-11-29 14:51:40.907758,64.00221898161067,0.4656913578483437,1.4028225968790518,32.35982467434775,80.00937264840265,Normal
1,2023-11-29 14:21:40.907766,67.99216556449008,0.39469334082799,1.4492902550182842,46.33163183668004,81.00937264840265,Normal
1,2023-11-29 13:51:40.907773,71.2876751829973,0.469391366156686,1.170338388987698,31.24838840660906,82.00937264840265,Normal
1,2023-11-29 13:21:40.907781,68.01354521985891,0.6581857277461934,1.162756610617476,33.94545334144058,83.00937264840265,Normal
1,2023-11-29 12:51:40.907788,66.89440479012221,0.6513363079516069,1.3204725284485583,43.73286599810283,84.00937264840265,Normal
1,2023-11-29 12:21:40.907796,67.12809500808547,0.6802400218571458,1.482671148535193,32.11055061135631,85.00937264840265,Normal
1,2023-11-29 11:51:40.907803,70.57735981510663,0.5924680024505258,1.270300326509533,31.27869387700078,86.00937264840265,Normal
1,2023-11-29 11:21:40.907810,67.1965230380539,0.4454588287905113,1.4906882388351141,32.658174306922795,87.00937264840265,Normal
1,2023-11-29 10:51:40.907818,68.86381941470778,0.6342190618218144,1.2402967718783016,43.793223714440956,88.00937264840265,Normal
1,2023-11-29 10:21:40.907825,69.289175026224,0.6363581656853339,1.281907209201359,38.88031804761199,89.00937264840265,Normal
1,2023-11-29 09:51:40.907832,67.05047137263736,0.4481954465759902,1.385828185232173,37.08294671542785,90.00937264840265,Normal
1,2023-11-29 09:21:40.907839,70.67275637870448,0.3973782923248188,1.349617145137733,40.02834553993771,91.00937264840265,Normal
1,2023-11-29 08:51:40.907846,66.40443209269942,0.6551320229673357,1.1286733214325368,38.03945273616592,92.00937264840265,Normal
1,2023-11-29 08:21:40.907854,73.27907930125573,0.6233040172733476,1.1588834984446565,44.995146358216154,93.00937264840265,Normal
1,2023-11-29 07:51:40.907861,72.94024827480746,0.6673020416652079,1.4191740172795853,46.18477892569861,94.00937264840265,Normal
1,2023-11-29 07:21:40.907868,66.05225293774512,0.62112064568563,1.0464069252668322,42.325364318422686,95.00937264840265,Normal
1,2023-11-29 06:51:40.907876,64.73542823723051,0.5298518994166018,1.3151236460808395,31.238167647473738,96.00937264840265,Normal
1,2023-11-29 06:21:40.907883,70.36876378609935,0.5559361066597266,1.3795666375009743,36.37742635851803,97.00937264840265,Normal
1,2023-11-29 05:51:40.907890,64.19427489394764,0.47682684388857943,1.1079524414237627,36.76946362456522,98.00937264840265,Normal
1,2023-11-29 05:21:40.907899,70.72754399281787,0.5228730901308857,1.240228084517713,33.26173020721825,99.00937264840265,Normal
1,2023-11-29 04:51:40.907906,67.94505230545158,0.6037466967370891,1.1671980269930526,47.05028365089618,100.00937264840265,Normal
1,2023-11-29 04:21:40.907913,69.69005785074836,0.43298626669108664,1.468650557559448,35.26021168280489,101.00937264840265,Normal
1,2023-11-29 03:51:40.907920,64.93919325815675,0.45273479023067764,1.2786605212177782,47.895605372769566,102.00937264840265,Normal
1,2023-11-29 03:21:40.907926,65.43555104452378,0.4675821828858043,1.5055451136645912,38.70165916194267,103.00937264840265,Normal
1,2023-11-29 02:51:40.907933,66.37979032228962,0.5095620827493748,1.5398904572462442,36.40712755491881,104.00937264840265,Normal
1,2023-11-29 02:21:40.907940,65.6073603151298,0.5733933579268373,1.2735673158244025,34.75366341105671,105.00937264840265,Normal
1,2023-11-29 01:51:40.907947,64.26722981730862,0.5945993484492568,1.1205916664507387,39.52288437727775,106.00937264840265,Normal
1,2023-11-29 01:21:40.907954,68.81295332388169,0.5020047128960509,1.1427772818591384,49.5916165156961,107.00937264840265,Normal
1,2023-11-29 00:51:40.907960,65.8008585381508,0.5807965270968845,1.0546414531220933,31.247483193069428,108.00937264840265,Normal
1,2023-11-29 00:21:40.907967,65.5899188712028,0.49815116308653606,1.2401308173623997,43.83319627603245,109.00937264840265,Normal
1,2023-11-28 23:51:40.907974,73.19952760286829,0.6752050854097877,1.3187372332782688,40.73911406323961,110.00937264840265,Normal
1,2023-11-28 23:21:40.907981,64.08769085558676,0.6030175964970568,1.2160166893311932,49.750292120806854,111.00937264840265,Normal
1,2023-11-28 22:51:40.907988,64.98769518446846,0.5131889680010918,1.431167397631147,41.1698288059882,112.00937264840265,Normal
1,2023-11-28 22:21:40.907995,69.38061013333684,0.6186048227947437,1.361654012026927,42.69588331811612,113.00937264840265,Normal
1,2023-11-28 21:51:40.908002,71.13019766479651,0.46320028715279254,1.367833347730473,36.741767692557765,114.00937264840265,Normal
1,2023-11-28 21:21:40.908009,66.34345611344716,0.6303026394183641,1.2059990012851778,48.12080825686773,115.00937264840265,Normal
1,2023-11-28 20:51:40.908016,71.14991808182624,0.4881286689120994,1.5012583175012877,43.09556884230685,116.00937264840265,Normal
1,2023-11-28 20:21:40.908023,72.37632467828482,0.6110188376203068,1.1414711610674584,32.72172063876651,117.00937264840265,Normal
1,2023-11-28 19:51:40.908030,64.25678340637441,0.6024476000677702,1.1076119843024959,49.056519494620915,118.00937264840265,Normal
1,2023-11-28 19:21:40.908037,64.47931466013411,0.5854534652320151,1.3044416626526734,48.874884965456644,119.00937264840265,Normal
1,2023-11-28 18:51:40.908044,70.79972911328841,0.589433261083193,1.0981352385529044,48.60905588978912,120.00937264840265,Normal
1,2023-11-28 18:21:40.908050,68.8201846236255,0.6479898670072036,1.4671374296128767,42.26998940813585,121.00937264840265,Normal
1,2023-11-28 17:51:40.908057,67.61865855144134,0.664569603156143,1.273230855176975,37.81813091545808,122.00937264840265,Normal
1,2023-11-28 17:21:40.908064,71.97340556694861,0.4339997469061882,1.222557559061042,46.657203361173174,123.00937264840265,Normal
1,2023-11-28 16:51:40.908072,70.44392637411158,0.570529497290173,1.3155174181936253,37.75095661248737,124.00937264840265,Normal
1,2023-11-28 16:21:40.908079,63.89735987236474,0.461953739747711,1.105099776014184,42.08405069809804,125.00937264840265,Normal
1,2023-11-28 15:51:40.908087,68.56290133886871,0.4104573427958879,1.308514300630418,49.20937221274562,126.00937264840265,Normal
1,2023-11-28 15:21:40.908094,71.2007659557505,0.3936048402339066,1.1346963714230722,33.86901851970823,127.00937264840265,Normal
1,2023-11-28 14:51:40.908102,72.65131359276627,0.5354546994263493,1.2041764950157574,35.81045133403897,128.00937264840263,Normal
1,2023-11-28 14:21:40.908109,69.97121332943917,0.40569021010193307,1.3834832152365648,34.07001279316637,129.00937264840263,Normal
1,2023-11-28 13:51:40.908118,72.82419688989737,0.5959347963639563,1.5387040800009966,40.413885832530156,130.00937264840263,Normal
1,2023-11-28 13:21:40.908126,64.65498133068479,0.4514529067676509,1.189699504697242,34.92808919764665,131.00937264840263,Normal
1,2023-11-28 12:51:40.908133,72.70044340189123,0.4188632706659709,1.2221558998732365,48.834584430455266,132.00937264840263,Normal
1,2023-11-28 12:21:40.908140,66.4150529727873,0.6454117108928814,1.157957344032745,42.70428218966257,133.00937264840263,Normal
1,2023-11-28 11:51:40.908147,67.99884622419802,0.6467188678726579,1.5232558455181244,41.25945698656666,134.00937264840263,Normal
1,2023-11-28 11:21:40.908154,71.32791681826305,0.5839159918959869,1.3600486807117178,33.928546258315436,135.00937264840263,Normal
1,2023-11-28 10:51:40.908161,66.59813115160549,0.5341817945464825,1.1693143332535973,35.91757981628595,136.00937264840263,Normal
1,2023-11-28 10:21:40.908168,71.11268279762565,0.46978708097147154,1.2483755581888563,34.57197167543816,137.00937264840263,Normal
1,2023-11-28 09:51:40.908174,63.58241305172642,0.539276526404468,1.2398396608214128,47.83931683923951,138.00937264840263,Normal
1,2023-11-28 09:21:40.908181,69.8551788179194,0.5963902326500574,1.5388092671592049,37.70902645910568,139.00937264840263,Normal
1,2023-11-28 08:51:40.908188,67.91128314345384,0.5247954746107437,1.3450229689130988,46.881638497586096,140.00937264840263,Normal
1,2023-11-28 08:21:40.908195,66.70808761297917,0.557549867037357,1.1972947448205096,45.24880427710449,141.00937264840263,Normal
1,2023-11-28 07:51:40.908202,71.8649379837418,0.4309293519719043,1.2996861964318196,46.35965671701212,142.00937264840263,Normal
1,2023-11-28 07:21:40.908209,66.86253716889892,0.58378554488644,1.5255571474641383,40.745520019144216,143.00937264840263,Normal
1,2023-11-28 06:51:40.908217,64.99827333868635,0.5680427184993287,1.150944825786243,48.5595435297177,144.00937264840263,Normal
1,2023-11-28 06:21:40.908224,64.32725384108765,0.5278736968063836,1.162913793569455,39.247577524617704,145.00937264840263,Normal
1,2023-11-28 05:51:40.908231,70.10480506431865,0.5836438763244713,1.5150449895474973,41.388755907140435,146.00937264840263,Normal
1,2023-11-28 05:21:40.908238,63.93841037296018,0.4356894808559788,1.5278676530671476,40.071096739940515,147.00937264840263,Normal
1,2023-11-28 04:51:40.908244,67.21504587778551,0.4109371969473785,1.295212423289024,39.91721833880449,148.00937264840263,Normal
1,2023-11-28 04:21:40.908251,64.72209417932226,0.39328932101145236,1.1850102713347321,38.40651835591156,149.00937264840263,Normal
1,2023-11-28 03:51:40.908260,65.99657127819538,0.5661148124949933,1.1547090906746562,38.49339722432454,150.00937264840263,Normal
1,2023-11-28 03:21:40.908267,66.83274920900153,0.6573521471342914,1.1184151030872984,40.5344626125532,151.00937264840263,Normal
1,2023-11-28 02:51:40.908273,72.59875455361401,0.4192793524803032,1.4077553064211494,35.67019057683097,152.00937264840263,Normal
1,2023-11-28 02:21:40.908280,68.57184926411675,0.6571663483583422,1.1496751202099582,32.45662598087337,153.00937264840263,Normal
1,2023-11-28 01:51:40.908287,72.84611913446594,0.6756949337257677,1.331691074643813,40.0603435176094,154.00937264840263,Normal
1,2023-11-28 01:21:40.908294,66.0048011232055,0.4546591824483946,1.2177429304917473,44.44905774320916,155.00937264840263,Normal
1,2023-11-28 00:51:40.908301,65.95998859471172,0.6783502942232144,1.2042267142493182,32.89668326439657,156.00937264840263,Normal
1,2023-11-28 00:21:40.908308,65.42388711046804,0.4571326601470672,1.2316028391920755,34.49685424229527,157.00937264840263,Normal
1,2023-11-27 23:51:40.908315,71.4980153022001,0.45814018869617634,1.2795964807117728,43.23376840102338,158.00937264840263,Normal
1,2023-11-27 23:21:40.908322,68.768638873074,0.6802606045341086,1.2347089038430317,47.8343612682499,159.00937264840263,Normal
1,2023-11-27 22:51:40.908329,67.35173990939226,0.6310769924785024,1.4073625093767577,36.99012868682842,160.00937264840263,Normal
1,2023-11-27 22:21:40.908336,64.4336862700369,0.42448050232766166,1.1020718080152334,35.48452861267236,161.00937264840263,Normal
1,2023-11-27 21:51:40.908343,63.4568149387238,0.5506026742051827,1.1737339068673764,48.978236737978875,162.00937264840263,Normal
1,2023-11-27 21:21:40.908350,63.97686508510687,0.6481584377917603,1.2916460838317714,51.06837339890907,163.00937264840263,Normal
1,2023-11-27 20:51:40.908356,64.33641823142709,0.6597562679432846,1.1452806766153738,35.63577620562696,164.00937264840263,Normal
1,2023-11-27 20:21:40.908364,73.12889757130347,0.39578355175217317,1.2456855329828684,35.8805050181741,165.00937264840263,Normal
1,2023-11-27 19:51:40.908370,64.75363740695421,0.4755065362457867,1.3163270311145812,35.315173982998395,166.00937264840263,Normal
1,2023-11-27 19:21:40.908377,72.22462213509743,0.6768673603425122,1.4932423602229015,40.521992170309986,167.00937264840263,Normal
2,2023-11-29 20:51:40.908392,65.2897967735128,0.4139561750329677,1.4182997368947716,34.3511866743541,62.39449321597614,Normal
2,2023-11-29 20:21:40.908399,65.54547955812441,0.5216581282058197,1.3516945310256219,47.7562090817892,63.39449321597614,Normal
2,2023-11-29 19:51:40.908406,64.68610617945946,0.5292125106824246,1.2057152307376404,35.8639869413698,64.39449321597614,Normal
2,2023-11-29 19:21:40.908413,60.33615777826287,0.298327931088623,1.1965508426337572,32.4581713847313,65.39449321597614,Normal
2,2023-11-29 18:51:40.908419,64.61854747545098,0.4488430184456381,1.408457804190013,28.818841749336332,66.39449321597614,Normal
2,2023-11-29 18:21:40.908426,63.31335346771317,0.4280986063198044,1.1678456972058995,30.219993534162672,67.39449321597614,Normal
2,2023-11-29 17:51:40.908433,63.831693691101705,0.4859432620757425,1.191556441852971,46.7364527462468,68.39449321597614,Normal
2,2023-11-29 17:21:40.908442,66.37618542699991,0.29272940482932264,1.411695053376497,46.767677122278926,69.39449321597614,Normal
2,2023-11-29 16:51:40.908449,66.25832359156568,0.33815604785922015,1.261965216634801,35.47024101817339,70.39449321597614,Normal
2,2023-11-29 16:21:40.908456,64.27554772079536,0.5255692593243543,1.166685879505752,30.113607940754513,71.39449321597614,Normal
2,2023-11-29 15:51:40.908463,62.84495893529588,0.35367348160271284,1.0878685420967664,38.14995330409685,72.39449321597614,Normal
2,2023-11-29 15:21:40.908470,65.97924308253897,0.4942208163253857,1.169027378671082,32.24590186341062,73.39449321597614,Normal
2,2023-11-29 14:51:40.908478,59.81541339404616,0.4566663414707025,1.3287440144930658,45.66474957026275,74.39449321597614,Normal
2,2023-11-29 14:21:40.908486,64.56828236989858,0.24615593897074192,1.3265262493653147,29.820064722058927,75.39449321597614,Normal
2,2023-11-29 13:51:40.908493,57.72409446669471,0.2653328225216707,1.23330469095839,30.160955401779763,76.39449321597614,Normal
2,2023-11-29 13:21:40.908500,65.28675074808602,0.3489630136529416,1.273991486632898,38.83405299240421,77.39449321597614,Normal
2,2023-11-29 12:51:40.908507,61.636154705161815,0.3031110765213684,1.1487484107820256,45.73312275133846,78.39449321597614,Normal
2,2023-11-29 12:21:40.908513,60.75879158049734,0.43002421133405055,1.3503758326979483,35.7631496793563,79.39449321597614,Normal
2,2023-11-29 11:51:40.908520,62.53918892708552,0.2577638298697228,1.1208422524573833,38.87398658768968,80.39449321597614,Normal
2,2023-11-29 11:21:40.908527,62.782654741260096,0.30143978529169024,1.2391812724321767,43.18655075545631,81.39449321597614,Normal
2,2023-11-29 10:51:40.908534,57.306273780392665,0.48407272982124305,1.4989363479095383,40.2368335484066,82.39449321597614,Normal
2,2023-11-29 10:21:40.908541,61.36949675574467,0.37453031353588057,1.1344434153351428,34.16206436939339,83.39449321597614,Normal
2,2023-11-29 09:51:40.908547,56.51593155531247,0.4962025133735708,1.4094641828005388,35.211928711239594,84.39449321597614,Normal
2,2023-11-29 09:21:40.908554,57.97059272686152,0.44077513256117373,1.5079951015932993,31.12945487737023,85.39449321597614,Normal
2,2023-11-29 08:51:40.908561,57.22378781280926,0.52743874639836,1.5098103326277568,46.87191893493622,86.39449321597614,Normal
2,2023-11-29 08:21:40.908579,65.79087684299067,0.5233082969692174,1.3201660666754005,42.32190025567498,87.39449321597614,Normal
2,2023-11-29 07:51:40.908586,65.62274569801264,0.40539436812561824,1.0236148878795022,35.272090053479786,88.39449321597614,Normal
2,2023-11-29 07:21:40.908593,62.3403191080016,0.3710066198799264,1.0931095813134042,34.06654271275446,89.39449321597614,Normal
2,2023-11-29 06:51:40.908600,63.16611829928827,0.2399913816835565,1.4911835318445157,45.70372336410174,90.39449321597614,Normal
2,2023-11-29 06:21:40.908608,59.46658656628796,0.42297932162036367,1.224050305209734,30.033458204359846,91.39449321597614,Normal
2,2023-11-29 05:51:40.908615,64.32343358654691,0.4318715851734552,1.441960138414644,39.02512929377877,92.39449321597614,Normal
2,2023-11-29 05:21:40.908622,62.1444280028982,0.4569354716800721,1.3799693196698903,47.235289560614305,93.39449321597614,Normal
2,2023-11-29 04:51:40.908630,57.91385038779053,0.28163772439578,1.0167037752512638,46.45490601705518,94.39449321597614,Normal
2,2023-11-29 04:21:40.908637,62.429119554062304,0.2987882346861327,1.4771698152057495,34.63239450127885,95.39449321597614,Normal
2,2023-11-29 03:51:40.908644,58.384755017607134,0.36496215321243586,1.0981088519497928,45.50881539901768,96.39449321597614,Normal
2,2023-11-29 03:21:40.908650,57.081682882309416,0.4625280544845035,1.014341933509869,42.81513537127054,97.39449321597614,Normal
2,2023-11-29 02:51:40.908657,61.59414620866986,0.3170087469664958,1.4961523853241674,35.093732422222665,98.39449321597614,Normal
2,2023-11-29 02:21:40.908664,56.995116197917376,0.3367965346556905,1.2811505776312664,29.15486340070057,99.39449321597614,Normal
2,2023-11-29 01:51:40.908670,63.683001563635095,0.3866560637060307,1.2078637369642211,47.30407346553126,100.39449321597614,Normal
2,2023-11-29 01:21:40.908677,58.115858423317825,0.42923484523248856,1.0805840244836857,44.11042313734228,101.39449321597614,Normal
2,2023-11-29 00:51:40.908684,63.7713817080313,0.3515593300867132,1.0566721278489586,39.370517378397636,102.39449321597614,Normal
2,2023-11-29 00:21:40.908691,63.95417731943303,0.4025188855314564,1.3431589629014975,44.500179603255155,103.39449321597614,Normal
2,2023-11-28 23:51:40.908699,56.95374122644423,0.2489125625959347,1.3398676347780034,41.85090849956267,104.39449321597614,Normal
2,2023-11-28 23:21:40.908706,63.28725252159905,0.49396800607298474,1.4049330069438621,37.51141839780365,105.39449321597614,Normal
2,2023-11-28 22:51:40.908713,57.0830614186156,0.5283947530697995,1.1816740627186755,46.88949225361674,106.39449321597614,Normal
2,2023-11-28 22:21:40.908720,58.53667232049455,0.2929486453576302,1.2285597554971677,43.305503637793585,107.39449321597614,Normal
2,2023-11-28 21:51:40.908727,61.416547152293205,0.3833699490164975,1.3720030759893866,40.90126965965723,108.39449321597614,Normal
2,2023-11-28 21:21:40.908734,61.72567000466431,0.5063659349516453,1.4191564725766628,36.411103712440195,109.39449321597614,Normal
2,2023-11-28 20:51:40.908741,57.907157133599966,0.26322662176333184,1.1613081034185297,29.756117410065208,110.39449321597614,Normal
2,2023-11-28 20:21:40.908748,66.35125438190659,0.4907789091390774,1.4544718071493323,46.40101679590512,111.39449321597614,Normal
2,2023-11-28 19:51:40.908755,56.60644886990125,0.34392849192628006,1.4870442678230136,36.55179351316889,112.39449321597614,Normal
2,2023-11-28 19:21:40.908761,64.57526190111223,0.2457617534213681,1.1134968211873066,41.35744755344217,113.39449321597614,Normal
2,2023-11-28 18:51:40.908768,64.85299470260405,0.45283067156475215,1.2429950377473624,40.61991678987518,114.39449321597614,Normal
2,2023-11-28 18:21:40.908775,59.86415807063922,0.3536566057299974,1.2381122457306981,39.26759297188589,115.39449321597614,Normal
2,2023-11-28 17:51:40.908782,60.07284329677836,0.46256681892009743,1.329696742301367,40.23391048508992,116.39449321597614,Normal
2,2023-11-28 17:21:40.908789,64.2500503701395,0.3114657044033854,1.2835486696130012,43.07938118639838,117.39449321597614,Normal
2,2023-11-28 16:51:40.908796,59.02905111935263,0.30067176915866445,1.3198414083643963,33.638689838289125,118.39449321597614,Normal
2,2023-11-28 16:21:40.908804,60.92528445579438,0.4044699863181759,1.4359694025921321,43.129077525632795,119.39449321597614,Normal
2,2023-11-28 15:51:40.908811,57.121827148661254,0.4846260907679843,1.2031924977667419,29.503919571097377,120.39449321597614,Normal
2,2023-11-28 15:21:40.908818,59.071660763039105,0.2522147456656539,1.358552485863938,33.700589875417734,121.39449321597614,Normal
2,2023-11-28 14:51:40.908825,64.97607232753958,0.31336341165086545,1.2425634001216546,32.449168413688554,122.39449321597614,Normal
2,2023-11-28 14:21:40.908832,60.114392113327376,0.25932205809136616,1.0812425542279194,36.56199623262512,123.39449321597614,Normal
2,2023-11-28 13:51:40.908840,64.5830808556041,0.4733906371803549,1.2901212319616113,33.91923420664216,124.39449321597614,Normal
2,2023-11-28 13:21:40.908848,60.78711642528896,0.40654082242306916,1.5058457869283404,39.0846176096458,125.39449321597614,Normal
2,2023-11-28 12:51:40.908854,65.70605567784878,0.4027033796702225,1.0913176658011345,36.074674912203434,126.39449321597614,Normal
2,2023-11-28 12:21:40.908861,56.799437605454465,0.31757463364061966,1.4843259275260285,39.957350938714974,127.39449321597614,Normal
2,2023-11-28 11:51:40.908868,56.65286609797124,0.3572897747222946,1.488720875359651,40.24017277525602,128.39449321597613,Normal
2,2023-11-28 11:21:40.908875,59.99773923979603,0.24800826271316195,1.2061968089128168,35.62292190200182,129.39449321597613,Normal
2,2023-11-28 10:51:40.908882,60.70866688974591,0.49278803933823667,1.3039383903866886,35.3476076468405,130.39449321597613,Normal
2,2023-11-28 10:21:40.908889,62.64401700882753,0.39768635109479267,1.4624568485983562,39.06821899196084,131.39449321597613,Normal
2,2023-11-28 09:51:40.908895,60.61682603849105,0.5211581394452155,1.2835301113393227,42.14734048229565,132.39449321597613,Normal
2,2023-11-28 09:21:40.908902,59.99558467530067,0.5191266813855201,1.305199218850542,32.0423675881095,133.39449321597613,Normal
2,2023-11-28 08:51:40.908909,57.57754235704798,0.3542957696573915,1.2065624133193955,38.331375641577225,134.39449321597613,Normal
2,2023-11-28 08:21:40.908916,65.46204768717435,0.3811690657339849,1.1891121456010578,29.713778395598638,135.39449321597613,Normal
2,2023-11-28 07:51:40.908923,57.640711638743035,0.4165889037825478,1.4341993867511516,40.859346532019316,136.39449321597613,Normal
2,2023-11-28 07:21:40.908930,66.19719426719394,0.2969503525979024,1.0463031369240396,43.612944097988176,137.39449321597613,Normal
2,2023-11-28 06:51:40.908937,57.36823450690903,0.3532925090288961,1.3604325673577196,44.29174415748936,138.39449321597613,Normal
2,2023-11-28 06:21:40.908944,66.05119062246078,0.29212553539836694,1.2737634237781115,34.82604204188935,139.39449321597613,Normal
2,2023-11-28 05:51:40.908951,63.07788903357258,0.41154930844437765,1.2251385113484385,40.038865702683516,140.39449321597613,Normal
2,2023-11-28 05:21:40.908958,62.997055407154676,0.3489058920258032,1.4056854481576595,30.765572685761143,141.39449321597613,Normal
2,2023-11-28 04:51:40.908965,65.6125545124976,0.4599412400520756,1.244671597011342,45.21600719305852,142.39449321597613,Normal
2,2023-11-28 04:21:40.908972,61.78091510068343,0.3144364962594868,1.0317060128165387,39.969799976440854,143.39449321597613,Normal
2,2023-11-28 03:51:40.908980,65.63385622086106,0.3367039986131946,1.496697404446325,31.954078000839747,144.39449321597613,Normal
2,2023-11-28 03:21:40.908987,65.27325151743622,0.36163354455200636,1.236246834458075,33.70561972187227,145.39449321597613,Normal
2,2023-11-28 02:51:40.908993,63.47985094407867,0.4645218711570971,1.4824295016528637,39.93243691103109,146.39449321597613,Normal
2,2023-11-28 02:21:40.909000,57.07457941140837,0.2537169348827112,1.4183160255502134,36.996271777648786,147.39449321597613,Normal
2,2023-11-28 01:51:40.909007,62.68526846197833,0.4488104904475156,1.4011242773217087,30.130245558866726,148.39449321597613,Normal
2,2023-11-28 01:21:40.909014,64.48894829118817,0.47691116516979715,1.2483015334708325,45.46655085899539,149.39449321597613,Normal
2,2023-11-28 00:51:40.909022,62.79710593887748,0.4160809425313394,1.4293919659566119,45.02540170067377,150.39449321597613,Normal
2,2023-11-28 00:21:40.909028,61.67289818155901,0.23834053538407377,1.1090528189458677,43.334126830342264,151.39449321597613,Normal
2,2023-11-27 23:51:40.909035,63.97734971069226,0.4841900518515735,1.4529179923936653,30.381441575675716,152.39449321597613,Normal
2,2023-11-27 23:21:40.909042,56.82004902017279,0.24309866253455797,1.371147835209514,31.788950837338998,153.39449321597613,Normal
2,2023-11-27 22:51:40.909049,62.1277533246404,0.3482434416866352,1.3157790282392627,41.909299405732966,154.39449321597613,Normal
2,2023-11-27 22:21:40.909056,63.397510393248396,0.5315440369919336,1.342845802420884,36.27475362496509,155.39449321597613,Normal
2,2023-11-27 21:51:40.909063,57.59934878624292,0.44504993874013643,1.4865314589276983,36.48776111193329,156.39449321597613,Normal
2,2023-11-27 21:21:40.909070,65.00509970438883,0.3703877625259403,1.0780939022205391,42.917595340210596,157.39449321597613,Normal
2,2023-11-27 20:51:40.909077,58.47076769999403,0.41821556654624414,1.21623163035611,35.81129961530049,158.39449321597613,Normal
2,2023-11-27 20:21:40.909084,60.641019703388004,0.41271383386574434,1.2575043005546063,47.49291833761502,159.39449321597613,Normal
2,2023-11-27 19:51:40.909091,60.39711532489077,0.4715848150812145,1.0551905231232541,35.4442312092075,160.39449321597613,Normal
2,2023-11-27 19:21:40.909097,58.02965929311975,0.4071005794640322,1.2897207208001404,35.22170642301758,161.39449321597613,Normal
3,2023-11-29 20:51:40.909112,59.46199938793336,0.31326336240488056,1.4323775763120306,23.398280666871706,85.0510364818147,Normal
3,2023-11-29 20:21:40.909118,56.04785229853646,0.31146845485704133,1.3944838376561195,21.628652043156848,86.0510364818147,Normal
3,2023-11-29 19:51:40.909125,54.41654817365946,0.445446456108206,1.2737499505513814,34.88462843375109,87.0510364818147,Normal
3,2023-11-29 19:21:40.909132,55.872388729622685,0.3992026331719929,1.3238106936702956,26.66864904442524,88.0510364818147,Normal
3,2023-11-29 18:51:40.909139,61.67249714913495,0.32120148896766026,1.1599993498266863,33.36704258347905,89.0510364818147,Normal
3,2023-11-29 18:21:40.909146,60.6587388353558,0.374356478602631,1.0683498215087064,37.327006752418754,90.0510364818147,Normal
3,2023-11-29 17:51:40.909152,59.80601065552253,0.48749594600629564,1.4663064800090575,27.60355578499091,91.0510364818147,Normal
3,2023-11-29 17:21:40.909159,53.02172748444315,0.4272795801734691,1.2455349407333176,37.468576914436426,92.0510364818147,Normal
3,2023-11-29 16:51:40.909167,59.368094631469155,0.5165831900208075,1.448251182962618,36.09471744939297,93.0510364818147,Normal
3,2023-11-29 16:21:40.909174,53.66953342955763,0.3166176502970268,1.2235415137290775,35.4814389530154,94.0510364818147,Normal
3,2023-11-29 15:51:40.909181,52.72411920413906,0.4805469318944887,1.1390404295961711,33.42558541748366,95.0510364818147,Normal
3,2023-11-29 15:21:40.909188,61.79526722907475,0.5865247806220456,1.199214551410541,39.16970678389171,96.0510364818147,Normal
3,2023-11-29 14:51:40.909197,56.46004665041672,0.403950911754296,1.2892291629461081,37.40624690436565,97.0510364818147,Normal
3,2023-11-29 14:21:40.909204,56.88983061035017,0.5871559879548741,1.4283614264073905,35.39784776228773,98.0510364818147,Normal
3,2023-11-29 13:51:40.909211,54.27785556171002,0.37538441580867216,1.1272648218819912,36.604423920072,99.0510364818147,Normal
3,2023-11-29 13:21:40.909218,61.51923240876335,0.3346574000757988,1.418274994061294,26.0530919710479,100.0510364818147,Normal
3,2023-11-29 12:51:40.909225,58.801999189451536,0.5980835292456486,1.2475146837697688,29.65851261400305,101.0510364818147,Normal
3,2023-11-29 12:21:40.909231,56.690064795547954,0.48599583265658547,1.4647091322460222,40.33760660862307,102.0510364818147,Normal
3,2023-11-29 11:51:40.909238,56.19984933955454,0.5272630865367318,1.3408562665297679,33.305074549664354,103.0510364818147,Normal
3,2023-11-29 11:21:40.909245,60.02984370621937,0.429175378736982,1.4495694138368869,33.96053861996954,104.0510364818147,Normal
3,2023-11-29 10:51:40.909252,58.30482844639387,0.36847507303100535,1.201955532566743,31.055684728004337,105.0510364818147,Normal
3,2023-11-29 10:21:40.909259,57.83792755779847,0.5688334815349403,1.0517375768327593,30.61792080570606,106.0510364818147,Normal
3,2023-11-29 09:51:40.909265,55.83187286463732,0.420435703725189,1.375739787846505,36.12552017222299,107.0510364818147,Normal
3,2023-11-29 09:21:40.909272,55.71262215632301,0.33308641748181667,1.18573500249321,28.99128454291706,108.0510364818147,Normal
3,2023-11-29 08:51:40.909279,61.38336667588161,0.512630838731393,1.420020291414972,29.86162383955057,109.0510364818147,Normal
3,2023-11-29 08:21:40.909286,55.3276556385244,0.45666121194777287,1.4073842082341437,37.419850071432535,110.0510364818147,Normal
3,2023-11-29 07:51:40.909294,57.78599439190118,0.5371635079245549,1.2982080480482834,28.599011198317367,111.0510364818147,Normal
3,2023-11-29 07:21:40.909301,59.306599609590236,0.3166441286587486,1.3957060411470377,36.10248705188379,112.0510364818147,Normal
3,2023-11-29 06:51:40.909308,61.75662873919529,0.5518263070269906,1.3258348923621015,38.15242446364233,113.0510364818147,Normal
3,2023-11-29 06:21:40.909315,54.01684419668413,0.5746988449368314,1.4611895905196521,36.11918495710882,114.0510364818147,Normal
3,2023-11-29 05:51:40.909323,59.92247668743742,0.5070525304039809,1.139863439799115,26.866870589156104,115.0510364818147,Normal
3,2023-11-29 05:21:40.909329,54.58228673875142,0.3149496080586383,1.0650553280986772,32.249162869963335,116.0510364818147,Normal
3,2023-11-29 04:51:40.909336,56.01100498939081,0.5756086659548485,1.198065838354368,23.653692459315636,117.0510364818147,Normal
3,2023-11-29 04:21:40.909344,61.63527092524353,0.41632741624398684,1.0642365108452607,40.05275867767443,118.0510364818147,Normal
3,2023-11-29 03:51:40.909351,54.6645131117361,0.563734426820562,1.4632013079203658,26.41097603284972,119.0510364818147,Normal
3,2023-11-29 03:21:40.909358,54.3341803543086,0.3726764322708417,1.288883655277392,22.931845523035086,120.0510364818147,Normal
3,2023-11-29 02:51:40.909365,62.49923574607441,0.5575920259039464,1.3390066456714034,21.560693575380306,121.0510364818147,Normal
3,2023-11-29 02:21:40.909371,57.90513091893148,0.5861487548196714,1.1556579103242457,33.29282950286357,122.0510364818147,Normal
3,2023-11-29 01:51:40.909378,57.66255357326429,0.32600108692853735,1.3175295679895134,36.14182611484084,123.0510364818147,Normal
3,2023-11-29 01:21:40.909385,60.922720432680975,0.479340238618561,1.0698427571827935,28.654859211285114,124.0510364818147,Normal
3,2023-11-29 00:51:40.909392,57.05427972806194,0.5736869646864904,1.3544197964111824,28.86538981512417,125.0510364818147,Normal
3,2023-11-29 00:21:40.909399,61.53149297816752,0.314850021693782,1.3830404228088002,32.10664711225116,126.0510364818147,Normal
3,2023-11-28 23:51:40.909405,57.89110132271666,0.43415699109017014,1.0435163023815577,31.882157686059223,127.0510364818147,Normal
3,2023-11-28 23:21:40.909412,59.1364943348016,0.46708794993934943,1.2669121930840355,22.258495175386592,128.05103648181472,Normal
3,2023-11-28 22:51:40.909419,56.63449598816063,0.40188860662172204,1.4598816382493602,37.33199811195142,129.05103648181472,Normal
3,2023-11-28 22:21:40.909426,55.612106193334114,0.5632668786342754,1.4919637776729937,41.25696226168165,130.05103648181472,Normal
3,2023-11-28 21:51:40.909433,57.02210400348442,0.4929542502085994,1.245243472129167,33.87502492818976,131.05103648181472,Normal
3,2023-11-28 21:21:40.909440,56.88044704824047,0.5423849175075107,1.3629425447581562,37.45917097017694,132.05103648181472,Normal
3,2023-11-28 20:51:40.909447,58.87359846530024,0.3649733113535948,1.1931350183838902,33.53080163179257,133.05103648181472,Normal
3,2023-11-28 20:21:40.909454,54.83712496078847,0.5113905660959193,1.1402415863859485,40.77592544653228,134.05103648181472,Normal
3,2023-11-28 19:51:40.909460,58.631751934890126,0.38867318197482786,1.18645709702685,21.829255168718937,135.05103648181472,Normal
3,2023-11-28 19:21:40.909468,56.96590619170161,0.36248976496819607,1.4291114417583786,29.554874313250952,136.05103648181472,Normal
3,2023-11-28 18:51:40.909475,58.548282594549775,0.35740793295934403,1.2823603402764592,22.734704536908232,137.05103648181472,Normal
3,2023-11-28 18:21:40.909482,58.90412576731024,0.546442263730312,1.3435887173466132,31.77850787083772,138.05103648181472,Normal
3,2023-11-28 17:51:40.909489,54.50228290650524,0.47396452316558213,1.1265793560221273,34.670082582156155,139.05103648181472,Normal
3,2023-11-28 17:21:40.909495,56.49528938278304,0.4525712088068434,1.4136391299778621,38.692292520095165,140.05103648181472,Normal
3,2023-11-28 16:51:40.909502,57.20962832223273,0.527158396065957,1.4794435069334373,40.05826185969778,141.05103648181472,Normal
3,2023-11-28 16:21:40.909509,61.1779804106099,0.3189234622703647,1.2995411766351206,39.722860425805735,142.05103648181472,Normal
3,2023-11-28 15:51:40.909518,57.77495668239247,0.41315674805535896,1.4964244581235366,39.80670475476137,143.05103648181472,Normal
3,2023-11-28 15:21:40.909525,54.327388989949576,0.4996228159196757,1.228848613699144,36.91351785221672,144.05103648181472,Normal
3,2023-11-28 14:51:40.909532,53.70630344309281,0.44436003185600453,1.224402852324655,22.249218379719217,145.05103648181472,Normal
3,2023-11-28 14:21:40.909539,61.99022649630434,0.4451200816792038,1.405194638216232,39.41964107047902,146.05103648181472,Normal
3,2023-11-28 13:51:40.909547,53.35480305652848,0.3199286226000131,1.3566740938085446,36.68215633430046,147.05103648181472,Normal
3,2023-11-28 13:21:40.909554,53.653967527622264,0.4276664908369922,1.4431532258622046,33.159789810310954,148.05103648181472,Normal
3,2023-11-28 12:51:40.909561,54.704770793519174,0.46660178035194205,1.0612163468743292,33.41042682818103,149.05103648181472,Normal
3,2023-11-28 12:21:40.909568,62.57011045479675,0.5763864955406242,1.4387993251251572,39.635629059904815,150.05103648181472,Normal
3,2023-11-28 11:51:40.909575,55.467068707409986,0.31629166080640314,1.1149521746551447,32.88120879959546,151.05103648181472,Normal
3,2023-11-28 11:21:40.909581,56.38464669777278,0.32801685250847057,1.5241198215258005,27.38940776740536,152.05103648181472,Normal
3,2023-11-28 10:51:40.909588,60.34523519373121,0.4171673779329995,1.4986602657666566,31.266671007998674,153.05103648181472,Normal
3,2023-11-28 10:21:40.909595,52.95319091064027,0.4638581377156687,1.4240416957590036,36.05422667943927,154.05103648181472,Normal
3,2023-11-28 09:51:40.909602,53.712625343709234,0.5335711339107587,1.1312996186507305,32.12372879018565,155.05103648181472,Normal
3,2023-11-28 09:21:40.909609,55.545423523734364,0.33504478266821525,1.050324426011014,41.11353916763153,156.05103648181472,Normal
3,2023-11-28 08:51:40.909615,56.43091594998094,0.4247196089019542,1.287214551591251,30.322317729077074,157.05103648181472,Normal
3,2023-11-28 08:21:40.909622,55.284124760630135,0.34504998079272214,1.2217149491470625,30.190301909287008,158.05103648181472,Normal
3,2023-11-28 07:51:40.909629,55.00335959668687,0.5234443160237582,1.4543804751663898,26.26763232943755,159.05103648181472,Normal
3,2023-11-28 07:21:40.909636,62.1111429584106,0.488187703390707,1.1569028092407225,26.487530675948094,160.05103648181472,Normal
3,2023-11-28 06:51:40.909643,62.33368871846151,0.5297972936566335,1.2972227839607342,22.42174418792226,161.05103648181472,Normal
3,2023-11-28 06:21:40.909650,61.4948826866579,0.5889276295995136,1.466380654999624,26.970699948961286,162.05103648181472,Normal
3,2023-11-28 05:51:40.909657,54.359592208975826,0.44027456733834647,1.1464480980856067,32.30522007763587,163.05103648181472,Normal
3,2023-11-28 05:21:40.909664,55.77817919424504,0.3730482575914379,1.4419398249588982,26.51849512886752,164.05103648181472,Normal
3,2023-11-28 04:51:40.909671,59.352655463181506,0.5495647246224017,1.481594560360135,28.270403487943838,165.05103648181472,Normal
3,2023-11-28 04:21:40.909678,57.65535881960841,0.32130996395919476,1.33664392762598,22.731449057023006,166.05103648181472,Normal
3,2023-11-28 03:51:40.909684,61.52921540676469,0.5352433656564257,1.0564415263525326,37.6942180272941,167.05103648181472,Normal
3,2023-11-28 03:21:40.909692,54.13736903554292,0.5890578469951455,1.078314091518032,31.675755714170492,168.05103648181472,Normal
3,2023-11-28 02:51:40.909699,54.223038030170905,0.4917533897046282,1.181076202024379,29.844680826325202,169.05103648181472,Normal
3,2023-11-28 02:21:40.909706,54.666207335775745,0.39372512008375393,1.5201263079216643,21.552277088435837,170.05103648181472,Normal
3,2023-11-28 01:51:40.909713,53.64363920499958,0.40014896212826134,1.306197289369956,38.21655164859395,171.05103648181472,Normal
3,2023-11-28 01:21:40.909720,55.474042492709586,0.4825193878736691,1.292281019541658,27.523310694023778,172.05103648181472,Normal
3,2023-11-28 00:51:40.909726,56.68011127105002,0.39174103470747346,1.2730738139790678,32.34483264234853,173.05103648181472,Normal
3,2023-11-28 00:21:40.909733,55.42341269388469,0.3370039783166152,1.3502821430518939,32.41391955808573,174.05103648181472,Normal
3,2023-11-27 23:51:40.909740,55.709869369210764,0.39819532114386086,1.4812785487630071,36.672880832834835,175.05103648181472,Normal
3,2023-11-27 23:21:40.909747,53.89211481531451,0.5690258815118672,1.3815092190454206,36.680501187600086,176.05103648181472,Normal
3,2023-11-27 22:51:40.909754,61.496403438426945,0.43736018674279453,1.062457257858425,34.99093540744183,177.05103648181472,Normal
3,2023-11-27 22:21:40.909761,57.42260728903554,0.4646133389009457,1.2037973187652649,31.985499270450738,178.05103648181472,Normal
3,2023-11-27 21:51:40.909768,57.110778523826724,0.548765156165645,1.3590638772929646,33.81064777392279,179.05103648181472,Normal
3,2023-11-27 21:21:40.909775,53.63414133314087,0.45564483344413714,1.1815516883623698,29.498634700561503,180.05103648181472,Normal
3,2023-11-27 20:51:40.909782,55.3304069712789,0.4893625545749705,1.0733812906335614,38.08125132502181,181.05103648181472,Normal
3,2023-11-27 20:21:40.909789,55.16432679613102,0.5573883536789397,1.3642543246022882,37.4124138335545,182.05103648181472,Normal
3,2023-11-27 19:51:40.909796,58.33566147883333,0.4773303031853621,1.4593588963614028,26.44038678542397,183.05103648181472,Normal
3,2023-11-27 19:21:40.909803,54.1560009281209,0.4517244027450718,1.2340307600220002,41.37886286891096,184.05103648181472,Normal
4,2023-11-29 20:51:40.909817,61.28312949159731,0.299772501596798,1.028224452679162,27.719475671065453,96.27671662614657,Normal
4,2023-11-29 20:21:40.909824,58.23273065226705,0.3578475238198444,1.0788946064041793,41.912093028895534,97.27671662614657,Normal
4,2023-11-29 19:51:40.909830,58.54652499249481,0.37099017535853585,1.4683203673394503,30.038250836267924,98.27671662614657,Normal
4,2023-11-29 19:21:40.909837,61.82741008393614,0.398346717965275,1.3683958846197997,36.9914163694119,99.27671662614657,Normal
4,2023-11-29 18:51:40.909844,61.41620629327415,0.37875185614826545,1.2705526788996997,41.80941167941867,100.27671662614657,Normal
4,2023-11-29 18:21:40.909851,61.67765249684655,0.43458190873243563,1.2515649909337039,43.60889514563825,101.27671662614657,Normal
4,2023-11-29 17:51:40.909858,57.53149365885512,0.2900306386703312,1.1538240718197805,34.60714636719107,102.27671662614657,Normal
4,2023-11-29 17:21:40.909865,65.0593551876698,0.2280591365156734,1.0529240577969623,26.505115854676447,103.27671662614657,Normal
4,2023-11-29 16:51:40.909873,59.62886225420988,0.2623226521794991,1.4505254545531396,27.93828704605987,104.27671662614657,Normal
4,2023-11-29 16:21:40.909880,64.33875909444838,0.3124444384408246,1.220393841900332,25.659755099725313,105.27671662614657,Normal
4,2023-11-29 15:51:40.909889,64.20308895632198,0.3651746606284219,1.2327178763108293,37.680728830962636,106.27671662614657,Normal
4,2023-11-29 15:21:40.909896,64.88120258920544,0.4779383080548588,1.5216453939152093,32.35440123039058,107.27671662614657,Normal
4,2023-11-29 14:51:40.909904,61.55255550114737,0.4078891309364119,1.2987171768447165,27.508009377106532,108.27671662614657,Normal
4,2023-11-29 14:21:40.909911,62.93779685678429,0.33133813546555396,1.4878701861336254,30.733903381081433,109.27671662614657,Normal
4,2023-11-29 13:51:40.909919,65.40242053575271,0.2646824645618674,1.3303019271231586,34.58324343166025,110.27671662614657,Normal
4,2023-11-29 13:21:40.909926,65.2148234988489,0.39575726325384175,1.3248449839902958,34.09311304459679,111.27671662614657,Normal
4,2023-11-29 12:51:40.909933,59.424333498072556,0.21741179234509933,1.0374847996266388,44.356609889726485,112.27671662614657,Normal
4,2023-11-29 12:21:40.909940,62.540101298922316,0.42935436350590656,1.5234601904333702,34.528618940324854,113.27671662614657,Normal
4,2023-11-29 11:51:40.909947,61.23391657600609,0.46131529785457825,1.406518136399414,43.73132410474046,114.27671662614657,Normal
4,2023-11-29 11:21:40.909953,56.898637095004815,0.4967854072443252,1.2874889079285299,32.59037387237322,115.27671662614657,Normal
4,2023-11-29 10:51:40.909960,63.10350610310974,0.27520746444637456,1.1238664998497871,39.11281346270354,116.27671662614657,Normal
4,2023-11-29 10:21:40.909967,59.209689026375834,0.4371420947877499,1.2189462148263337,41.169084579635395,117.27671662614657,Normal
4,2023-11-29 09:51:40.909973,62.43117264395389,0.46235120665901963,1.063521831293798,34.14666080698536,118.27671662614657,Normal
4,2023-11-29 09:21:40.909980,57.815495108989545,0.3795573991878311,1.4797999500862078,35.2538410024719,119.27671662614657,Normal
4,2023-11-29 08:51:40.909987,61.6671441080958,0.39848870054960256,1.0982341905701747,38.43632980781144,120.27671662614657,Normal
4,2023-11-29 08:21:40.909994,59.97241448322755,0.35430005546071897,1.1745772634418374,36.02014703361897,121.27671662614657,Normal
4,2023-11-29 07:51:40.910000,61.78132087839779,0.48378130263027985,1.1715765358028594,27.361982672903476,122.27671662614657,Normal
4,2023-11-29 07:21:40.910007,56.65450075824047,0.47301417483200336,1.3395033943618238,24.84363297972531,123.27671662614657,Normal
4,2023-11-29 06:51:40.910014,60.55561404770883,0.37414264221776405,1.2716432177341237,37.462156269906274,124.27671662614657,Normal
4,2023-11-29 06:21:40.910021,63.39161443348364,0.3786609451913143,1.2148757164483575,29.53793057175757,125.27671662614657,Normal
4,2023-11-29 05:51:40.910028,62.91485524792548,0.30159012795758267,1.4686320019462273,26.857281200185348,126.27671662614657,Normal
4,2023-11-29 05:21:40.910035,59.86657309489145,0.41689552890055803,1.248991602088951,35.60533980861708,127.27671662614657,Normal
4,2023-11-29 04:51:40.910042,60.8780477485318,0.2579393700212915,1.2816387837380367,42.49588604264963,128.27671662614657,Normal
4,2023-11-29 04:21:40.910049,58.33269092844869,0.4115254593703571,1.0938685416448588,42.15181067403417,129.27671662614657,Normal
4,2023-11-29 03:51:40.910056,56.66117988564136,0.290708460106179,1.1683367623858172,26.578651845394525,130.27671662614657,Normal
4,2023-11-29 03:21:40.910063,60.857799235170795,0.3851264022590114,1.2093641029259095,41.05616819534677,131.27671662614657,Normal
4,2023-11-29 02:51:40.910070,57.81714286956288,0.364494479571172,1.1208510030773133,44.67085918427,132.27671662614657,Normal
4,2023-11-29 02:21:40.910077,57.20549403138091,0.3526049525500722,1.382521491886741,40.71517568908193,133.27671662614657,Normal
4,2023-11-29 01:51:40.910083,61.17806757589724,0.23561636368467986,1.259533085778137,27.521464258377797,134.27671662614657,Normal
4,2023-11-29 01:21:40.910090,57.51730693802976,0.3392268428496392,1.1636828007353368,31.053919722507388,135.27671662614657,Normal
4,2023-11-29 00:51:40.910097,61.34703497388787,0.2943957727722617,1.031310830345108,29.190076382873734,136.27671662614657,Normal
4,2023-11-29 00:21:40.910104,64.21177033886823,0.46904220610542513,1.4521326695809433,41.98766546031453,137.27671662614657,Normal
4,2023-11-28 23:51:40.910110,63.250066992736485,0.30093115214220423,1.1459448351559935,34.67190349757377,138.27671662614657,Normal
4,2023-11-28 23:21:40.910117,63.02065824762148,0.30103484240421186,1.2539000970674727,35.34828739964074,139.27671662614657,Normal
4,2023-11-28 22:51:40.910124,59.133534199105426,0.3880097000042763,1.4065445233204883,40.72174992801133,140.27671662614657,Normal
4,2023-11-28 22:21:40.910131,57.16640981102471,0.37795385037139256,1.3229820786207036,38.21321057503343,141.27671662614657,Normal
4,2023-11-28 21:51:40.910138,61.0172226197442,0.4046800522045333,1.0645596101368846,31.918616621275305,142.27671662614657,Normal
4,2023-11-28 21:21:40.910145,60.75280777966351,0.44359135872524075,1.033300023964663,29.488496376682523,143.27671662614657,Normal
4,2023-11-28 20:51:40.910152,60.04823396261839,0.32955835888456886,1.0680642116006327,41.66546834874889,144.27671662614657,Normal
4,2023-11-28 20:21:40.910159,59.98806083321894,0.4095419448352689,1.0869672162206738,33.561954232543115,145.27671662614657,Normal
4,2023-11-28 19:51:40.910165,55.99293814331634,0.4732195249998199,1.2944193074181638,32.9840000745495,146.27671662614657,Normal
4,2023-11-28 19:21:40.910172,60.95669300383366,0.3337172777482733,1.057424145363461,27.40988741367186,147.27671662614657,Normal
4,2023-11-28 18:51:40.910179,61.82316077763976,0.37381832940271864,1.1929203130953638,35.8825822936115,148.27671662614657,Normal
4,2023-11-28 18:21:40.910186,56.750939740428755,0.44905482890116843,1.1938867831686875,33.68274436098865,149.27671662614657,Normal
4,2023-11-28 17:51:40.910192,59.82151135489568,0.28402870826246396,1.3484839459510525,38.14898734165689,150.27671662614657,Normal
4,2023-11-28 17:21:40.910199,59.4443085805202,0.41968486847596975,1.2695426963014786,35.010157227148596,151.27671662614657,Normal
4,2023-11-28 16:51:40.910206,60.66925092756046,0.2450240212137372,1.2648136214973056,33.4817272189942,152.27671662614657,Normal
4,2023-11-28 16:21:40.910213,56.695250653155355,0.40802010387426535,1.4002014326370311,42.24572364209882,153.27671662614657,Normal
4,2023-11-28 15:51:40.910219,61.67378309207268,0.41121890113307125,1.3613682733114436,36.52984220250814,154.27671662614657,Normal
4,2023-11-28 15:21:40.910228,65.13979275602156,0.3685130965848789,1.1661101795915023,33.894075336459395,155.27671662614657,Normal
4,2023-11-28 14:51:40.910235,64.45708084500167,0.41222706997563036,1.3533414943994513,26.07841187502453,156.27671662614657,Normal
4,2023-11-28 14:21:40.910241,62.12425092992774,0.3454785520912328,1.3965906540777668,25.001444381547863,157.27671662614657,Normal
4,2023-11-28 13:51:40.910249,63.048889746973046,0.4089076217710389,1.3852670369414632,26.80868772807755,158.27671662614657,Normal
4,2023-11-28 13:21:40.910257,60.53794152231518,0.32468752018351166,1.0283421175369893,28.932107978455633,159.27671662614657,Normal
4,2023-11-28 12:51:40.910264,57.94772330045952,0.22297316521155197,1.0389184745877735,37.62262163046624,160.27671662614657,Normal
4,2023-11-28 12:21:40.910270,57.47740557499789,0.3788754031933814,1.2138605501620259,34.6325897330883,161.27671662614657,Normal
4,2023-11-28 11:51:40.910277,64.48143533701469,0.40704338482265756,1.300939229451831,42.671647425307796,162.27671662614657,Normal
4,2023-11-28 11:21:40.910284,64.8786422080571,0.39997547190074934,1.2645106022451214,44.612515019898254,163.27671662614657,Normal
4,2023-11-28 10:51:40.910291,64.82510616345402,0.4772295662927585,1.1741870254708286,29.612688921284594,164.27671662614657,Normal
4,2023-11-28 10:21:40.910298,56.63374655572211,0.22854718462561593,1.518551125696779,37.22601061486072,165.27671662614657,Normal
4,2023-11-28 09:51:40.910304,62.53829294721274,0.43980335526695546,1.1832733057543297,39.59714271568512,166.27671662614657,Normal
4,2023-11-28 09:21:40.910311,57.47140990304602,0.3140414611805181,1.1978985036376746,40.53566146268276,167.27671662614657,Normal
4,2023-11-28 08:51:40.910318,55.46317645900869,0.2670985525317741,1.229579720946981,25.305065776647258,168.27671662614657,Normal
4,2023-11-28 08:21:40.910325,65.19026609660159,0.5053402113479026,1.1836151204477616,27.51866169711537,169.27671662614657,Normal
4,2023-11-28 07:51:40.910332,61.39875114903718,0.30612995578259206,1.0999744557404352,29.66088959522152,170.27671662614657,Normal
4,2023-11-28 07:21:40.910338,60.86585149616944,0.2966382829743337,1.09164676817399,24.8347950873488,171.27671662614657,Normal
4,2023-11-28 06:51:40.910345,58.33429853940823,0.3109360659469272,1.2050718456811274,26.36230236931484,172.27671662614657,Normal
4,2023-11-28 06:21:40.910353,60.60011461531462,0.46940492608785755,1.0565697337182254,44.08713553196978,173.27671662614657,Normal
4,2023-11-28 05:51:40.910360,57.14328652136316,0.2252837570853458,1.357593566829467,32.414645172615835,174.27671662614657,Normal
4,2023-11-28 05:21:40.910367,60.36460515125258,0.5017142358677324,1.2898811355340536,26.65825934740173,175.27671662614657,Normal
4,2023-11-28 04:51:40.910374,58.860576541054385,0.34996047446206524,1.3773891828174172,25.79626922507537,176.27671662614657,Normal
4,2023-11-28 04:21:40.910381,60.978262982180524,0.47734774324559504,1.0447898958235764,27.06117492338702,177.27671662614657,Normal
4,2023-11-28 03:51:40.910388,61.64821882618987,0.4959203768011061,1.1232739396099798,37.52569494070077,178.27671662614657,Normal
4,2023-11-28 03:21:40.910395,63.27012604433912,0.2677746804410924,1.0710890212816828,33.53139368970037,179.27671662614657,Normal
4,2023-11-28 02:51:40.910402,56.096232836733456,0.37674893612401195,1.3915012424614739,29.693472978730757,180.27671662614657,Normal
4,2023-11-28 02:21:40.910410,64.47842298744874,0.4056667238681151,1.066570947982234,27.181891668437142,181.27671662614657,Normal
4,2023-11-28 01:51:40.910416,61.58191905188851,0.345757427966499,1.390607454392736,38.08815251622619,182.27671662614657,Normal
4,2023-11-28 01:21:40.910423,63.01578187959482,0.3346287584813164,1.0281559059097665,43.94036162719748,183.27671662614657,Normal
4,2023-11-28 00:51:40.910466,60.14725161781149,0.4569212976285375,1.401030345270533,33.03352598162051,184.27671662614657,Normal
4,2023-11-28 00:21:40.910473,57.27182777321865,0.3169723880214174,1.4687514688096956,31.942216615169706,185.27671662614657,Normal
4,2023-11-27 23:51:40.910480,61.39416107696853,0.3336252330414655,1.1381600184455336,26.74248305513312,186.27671662614657,Normal
4,2023-11-27 23:21:40.910487,64.84591659807748,0.3773133506310611,1.2287227138963428,24.769484829609766,187.27671662614657,Normal
4,2023-11-27 22:51:40.910494,64.27666143906845,0.4029494250099051,1.3088519842309796,40.43733474678676,188.27671662614657,Normal
4,2023-11-27 22:21:40.910501,60.01775254777949,0.47356168258740994,1.3705890150335323,33.71802719794691,189.27671662614657,Normal
4,2023-11-27 21:51:40.910509,64.24410192572509,0.41786680100517365,1.508128030022004,32.179932845404494,190.27671662614657,Normal
4,2023-11-27 21:21:40.910516,64.44230312726238,0.482378381495262,1.3390775037696898,26.411934503236665,191.27671662614657,Normal
4,2023-11-27 20:51:40.910523,60.44305775819814,0.47127683385689667,1.319821923866521,28.74509442549899,192.27671662614657,Normal
4,2023-11-27 20:21:40.910530,59.008759074446054,0.3411579062316587,1.3254602404131157,25.898712584009118,193.27671662614657,Normal
4,2023-11-27 19:51:40.910537,56.38251084279691,0.37213259806894927,1.4031334182828767,35.38943014122505,194.27671662614657,Normal
4,2023-11-27 19:21:40.910544,65.02975764172413,0.29305209050375874,1.4514443967376498,36.80739892655673,195.27671662614657,Normal
5,2023-11-29 20:51:40.910558,67.94656241435112,0.5191778667601329,1.539424687044235,34.202632384601046,70.15507842558767,Normal
5,2023-11-29 20:21:40.910565,64.75018934939223,0.4305446700300064,1.0827771735423477,46.348839105559975,71.15507842558767,Normal
5,2023-11-29 19:51:40.910572,71.32540750009903,0.31110762855077695,1.3633192706165531,33.44890706209753,72.15507842558767,Normal
5,2023-11-29 19:21:40.910578,67.81984753957644,0.3162842828917572,1.3147071490504008,37.85745571783756,73.15507842558767,Normal
5,2023-11-29 18:51:40.910585,73.63133046999297,0.28718132526211504,1.2975143975158243,48.08205678740242,74.15507842558767,Normal
5,2023-11-29 18:21:40.910592,67.79655109944699,0.30809283883033467,1.2334909473107456,39.075283283165255,75.15507842558767,Normal
5,2023-11-29 17:51:40.910599,67.20208776901656,0.4792550235020404,1.2756380297976349,46.57228953065273,76.15507842558767,Normal
5,2023-11-29 17:21:40.910606,69.56052938542909,0.5619097391262398,1.1042779069854645,34.353890863108944,77.15507842558767,Normal
5,2023-11-29 16:51:40.910613,74.02425889584167,0.37797077273078916,1.0755814517148132,36.60656853147759,78.15507842558767,Normal
5,2023-11-29 16:21:40.910621,70.15611400807634,0.5657989502936077,1.4622928943726468,35.334107000922224,79.15507842558767,Normal
5,2023-11-29 15:51:40.910628,73.5818921980154,0.26704181460723564,1.4089488061909354,29.906854753512576,80.15507842558767,Normal
5,2023-11-29 15:21:40.910635,70.33121753412453,0.44110192417602423,1.40267622858576,45.358063842243695,81.15507842558767,Normal
5,2023-11-29 14:51:40.910643,68.63284823089808,0.5286183966981542,1.5527069776392795,32.06836700882683,82.15507842558767,Normal
5,2023-11-29 14:21:40.910650,74.37232987050342,0.5595293726535704,1.286466718289308,48.780127015886755,83.15507842558767,Normal
5,2023-11-29 13:51:40.910657,71.59694754092375,0.2748931249380411,1.3915043614701352,47.21066191974125,84.15507842558767,Normal
5,2023-11-29 13:21:40.910664,68.63020160147241,0.3356672236181619,1.4792170266406293,40.956521099711864,85.15507842558767,Normal
5,2023-11-29 12:51:40.910671,66.21555324458419,0.4815682350940617,1.1044303520022207,34.65630881221042,86.15507842558767,Normal
5,2023-11-29 12:21:40.910678,66.52460919645159,0.4672674631640258,1.303009868438141,34.75882765022285,87.15507842558767,Normal
5,2023-11-29 11:51:40.910684,66.19396933801916,0.3772536151059966,1.5563816149271843,46.33486093719062,88.15507842558767,Normal
5,2023-11-29 11:21:40.910691,68.5665855303383,0.3399282504514832,1.2439992831161804,46.972629358551615,89.15507842558767,Normal
5,2023-11-29 10:51:40.910698,72.49191577914664,0.3442848201359896,1.0852992357648725,48.770731124826426,90.15507842558767,Normal
5,2023-11-29 10:21:40.910705,67.74129362497676,0.5285921295519905,1.1710798095397128,30.570131378085122,91.15507842558767,Normal
5,2023-11-29 09:51:40.910711,67.47563748871384,0.5469921613625744,1.1669041570971606,29.99858124034376,92.15507842558767,Normal
5,2023-11-29 09:21:40.910718,68.4172026746112,0.36464694787189716,1.442807880978148,34.050622299153915,93.15507842558767,Normal
5,2023-11-29 08:51:40.910725,73.37648424435038,0.3259285522444029,1.163194606918081,34.87563839238338,94.15507842558767,Normal
5,2023-11-29 08:21:40.910732,67.56324994434786,0.27508417702142157,1.3853256195112982,44.148733170616666,95.15507842558767,Normal
5,2023-11-29 07:51:40.910739,68.17566638306995,0.30774156918228973,1.3496896999449282,36.94317000391952,96.15507842558767,Normal
5,2023-11-29 07:21:40.910746,73.94105852602223,0.5405970580717556,1.1158294921531078,29.183369280892833,97.15507842558767,Normal
5,2023-11-29 06:51:40.910753,71.59445925290228,0.3688450242733652,1.5033545023592558,36.75283708499205,98.15507842558767,Normal
5,2023-11-29 06:21:40.910760,74.28408486704983,0.43317330145022015,1.1401566242839427,29.478323887576515,99.15507842558767,Normal
5,2023-11-29 05:51:40.910767,64.6924702798503,0.33711509237015874,1.5687683630511189,30.949718761578637,100.15507842558767,Normal
5,2023-11-29 05:21:40.910774,72.78654428188291,0.2802675472033872,1.5219688295754785,39.351128212516315,101.15507842558767,Normal
5,2023-11-29 04:51:40.910781,67.44679354304509,0.43721378042602166,1.2285815815723444,32.746624980494104,102.15507842558767,Normal
5,2023-11-29 04:21:40.910788,66.11268271440751,0.4379530869424182,1.539527041359955,39.754070673118804,103.15507842558767,Normal
5,2023-11-29 03:51:40.910795,70.39900504818625,0.4554900968794953,1.3969489633169907,33.948223903838496,104.15507842558767,Normal
5,2023-11-29 03:21:40.910802,69.03110157810761,0.2713026714699671,1.4571241820681713,44.599117658068934,105.15507842558767,Normal
5,2023-11-29 02:51:40.910809,69.50139776141395,0.5071274650444321,1.0997764798875949,38.879015044076006,106.15507842558767,Normal
5,2023-11-29 02:21:40.910816,68.77899842180233,0.5491612451127693,1.327063128774429,35.77169390652374,107.15507842558767,Normal
5,2023-11-29 01:51:40.910822,74.05274840619187,0.5290976220022291,1.1131159556424757,48.047956491429204,108.15507842558767,Normal
5,2023-11-29 01:21:40.910829,73.17596237781906,0.5114295936022726,1.2118937035471522,36.40515967501141,109.15507842558767,Normal
5,2023-11-29 00:51:40.910837,64.80443010356247,0.3561256868723215,1.2096844642239684,31.843150107216637,110.15507842558767,Normal
5,2023-11-29 00:21:40.910844,70.53698403597286,0.34680996481864623,1.5280418236240312,39.05734134391919,111.15507842558767,Normal
5,2023-11-28 23:51:40.910851,72.10333927430182,0.43211175117221357,1.2661595651158573,39.92815251017479,112.15507842558767,Normal
5,2023-11-28 23:21:40.910858,65.43882168602384,0.44161152068597653,1.168242114588286,29.262576788329234,113.15507842558767,Normal
5,2023-11-28 22:51:40.910865,73.08367291562405,0.3210599281800586,1.4653727969190564,32.9204624881106,114.15507842558767,Normal
5,2023-11-28 22:21:40.910872,70.3832200230577,0.367859608913443,1.5268565223678057,39.1559527756878,115.15507842558767,Normal
5,2023-11-28 21:51:40.910879,72.53716850066968,0.45322289539576377,1.1768051769455834,40.335293969973556,116.15507842558767,Normal
5,2023-11-28 21:21:40.910886,65.07523347523825,0.3132344970359015,1.268284399362181,37.19770488199974,117.15507842558767,Normal
5,2023-11-28 20:51:40.910893,71.51855232947348,0.3706324879271252,1.3346271290387306,37.19937902024996,118.15507842558767,Normal
5,2023-11-28 20:21:40.910899,70.46129756064006,0.4369846355365247,1.3782461175448542,39.126051379558824,119.15507842558767,Normal
5,2023-11-28 19:51:40.910906,65.55410921064541,0.5071030769937357,1.2592348724285565,46.244941732885515,120.15507842558767,Normal
5,2023-11-28 19:21:40.910913,67.05300767503245,0.27179710867382323,1.1739268624482753,32.927624596755216,121.15507842558767,Normal
5,2023-11-28 18:51:40.910920,64.90652156517118,0.4915795556757918,1.3331893329587765,37.6784593847456,122.15507842558767,Normal
5,2023-11-28 18:21:40.910927,68.45513913486757,0.5444770122164857,1.16971382652609,38.97658340472174,123.15507842558767,Normal
5,2023-11-28 17:51:40.910933,66.98583017925698,0.29792026932602667,1.2141912087025442,40.494870024572265,124.15507842558767,Normal
5,2023-11-28 17:21:40.910940,71.54368739262146,0.44849895919819993,1.086075830396438,39.39764727121045,125.15507842558767,Normal
5,2023-11-28 16:51:40.910947,71.41812597555426,0.2730882123115924,1.1323810610660838,40.93837256521301,126.15507842558767,Normal
5,2023-11-28 16:21:40.910954,69.2581588804574,0.4268100593452099,1.313885309616852,42.23708255672862,127.15507842558767,Normal
5,2023-11-28 15:51:40.910960,71.14255168298135,0.5144107994470557,1.2741051705711997,37.82041696429772,128.15507842558767,Normal
5,2023-11-28 15:21:40.910967,71.19982112799518,0.522654648208836,1.4861028745535694,38.87036129894531,129.15507842558767,Normal
5,2023-11-28 14:51:40.910975,65.93789312708155,0.45431873299195336,1.428145406103864,33.37578691284138,130.15507842558767,Normal
5,2023-11-28 14:21:40.910983,69.33612314511777,0.5397079872482045,1.5236139429101887,37.20109047313511,131.15507842558767,Normal
5,2023-11-28 13:51:40.910991,70.64829075903663,0.5567089389362123,1.25889845380389,37.894048039735736,132.15507842558767,Normal
5,2023-11-28 13:21:40.910999,66.34024231106986,0.49716659565954374,1.5022905529035508,47.83144055161131,133.15507842558767,Normal
5,2023-11-28 12:51:40.911006,64.64536358677725,0.4310003747866441,1.3860164720618493,40.69675346612469,134.15507842558767,Normal
5,2023-11-28 12:21:40.911013,72.32715114354836,0.5390904327096929,1.1840394652808626,47.06646537099012,135.15507842558767,Normal
5,2023-11-28 11:51:40.911020,66.24039180380424,0.38120235959390547,1.4143941814745715,45.82244654338747,136.15507842558767,Normal
5,2023-11-28 11:21:40.911027,68.74975092885461,0.380668013367856,1.2995540797474483,41.68446789891404,137.15507842558767,Normal
5,2023-11-28 10:51:40.911033,70.95499876154878,0.45954093677042734,1.182965131581033,38.131440089787965,138.15507842558767,Normal
5,2023-11-28 10:21:40.911040,72.37582675496138,0.46616885326660307,1.5159176465153117,37.23728474532797,139.15507842558767,Normal
5,2023-11-28 09:51:40.911047,65.04832505724812,0.4522335107211656,1.4385407263708512,36.96421061050482,140.15507842558767,Normal
5,2023-11-28 09:21:40.911054,70.51393975794517,0.4993487304273918,1.3084477498813423,37.68642720134579,141.15507842558767,Normal
5,2023-11-28 08:51:40.911060,66.06271667864345,0.47585860069566893,1.5393565191430034,47.941763248927714,142.15507842558767,Normal
5,2023-11-28 08:21:40.911067,71.40010802344192,0.2870808591381093,1.5004289221289058,43.257960073626805,143.15507842558767,Normal
5,2023-11-28 07:51:40.911074,72.35736658275403,0.4508042326473922,1.4128018035452137,47.838198069875176,144.15507842558767,Normal
5,2023-11-28 07:21:40.911081,68.40846985617627,0.3554606769377059,1.4968032004483158,44.45120170060443,145.15507842558767,Normal
5,2023-11-28 06:51:40.911088,73.41185512721694,0.5340992849822283,1.3046832280969851,43.771403244995966,146.15507842558767,Normal
5,2023-11-28 06:21:40.911095,72.90172635714897,0.3766892752299471,1.0746363611246674,42.07603920866039,147.15507842558767,Normal
5,2023-11-28 05:51:40.911102,67.09447004271581,0.3685886515571056,1.2522546172244546,36.188175126954306,148.15507842558767,Normal
5,2023-11-28 05:21:40.911109,68.69101622306655,0.3151035856919246,1.1443190279035835,34.369703247259054,149.15507842558767,Normal
5,2023-11-28 04:51:40.911116,66.8058082391902,0.5628099260571473,1.352296611708613,29.04178483249593,150.15507842558767,Normal
5,2023-11-28 04:21:40.911123,65.21141142954738,0.283615262730239,1.5336548329703565,31.525300147754592,151.15507842558767,Normal
5,2023-11-28 03:51:40.911130,64.97825304589779,0.3450420180086848,1.0823627088949144,47.96880436719893,152.15507842558767,Normal
5,2023-11-28 03:21:40.911137,67.8492018313119,0.5077146904436821,1.4667853121815626,36.86071605505078,153.15507842558767,Normal
5,2023-11-28 02:51:40.911143,69.42083304213054,0.3839628365020896,1.3688505425958515,30.67366024989886,154.15507842558767,Normal
5,2023-11-28 02:21:40.911151,74.02133890129635,0.27792309032004736,1.5462479227560046,37.40178426782545,155.15507842558767,Normal
5,2023-11-28 01:51:40.911158,72.54372353566299,0.5371381703106054,1.1114408138094103,47.03936713972891,156.15507842558767,Normal
5,2023-11-28 01:21:40.911165,70.25661728103924,0.5602283468681709,1.4248770210470847,32.56684172680119,157.15507842558767,Normal
5,2023-11-28 00:51:40.911171,69.24253947110243,0.45488159458916727,1.3270616762005207,44.4340704869975,158.15507842558767,Normal
5,2023-11-28 00:21:40.911178,68.59526230476811,0.5014407092705216,1.2943718881529094,29.50444679332915,159.15507842558767,Normal
5,2023-11-27 23:51:40.911185,68.62554300332624,0.4494076757662683,1.2374120386524536,45.09824941612651,160.15507842558767,Normal
5,2023-11-27 23:21:40.911192,67.412052781292,0.30133102838968495,1.5164474858705894,39.408657218272594,161.15507842558767,Normal
5,2023-11-27 22:51:40.911199,70.37054601881368,0.35350244031032463,1.3307773840450892,36.257445975413745,162.15507842558767,Normal
5,2023-11-27 22:21:40.911206,72.79309612295033,0.5267418735350765,1.143779603596339,29.34530857444514,163.15507842558767,Normal
5,2023-11-27 21:51:40.911212,70.35871446196363,0.3774797463781084,1.2105557910786322,35.47764933581966,164.15507842558767,Normal
5,2023-11-27 21:21:40.911219,72.9082103868315,0.42766322162496684,1.2227889690713725,34.35427491292785,165.15507842558767,Normal
5,2023-11-27 20:51:40.911226,69.35512612245601,0.5570407371676427,1.070895572137376,35.45912043977989,166.15507842558767,Normal
5,2023-11-27 20:21:40.911233,67.47041438919508,0.27761735810067745,1.3570398585338292,39.63726083847813,167.15507842558767,Normal
5,2023-11-27 19:51:40.911240,72.23316241745617,0.30727601880862593,1.4206329716446136,31.34927624199958,168.15507842558767,Normal
5,2023-11-27 19:21:40.911247,69.14233163109115,0.35143076596104134,1.2233314717118615,39.79822999194982,169.15507842558767,Normal
